,City,Cloudiness,Country,Date,Humidity,Latitude,Longitude,MaxTemperature,WindSpeed
0,cayenne,75.0,GF,2019-06-30 20:41:21,83.0,4.94,-52.33,26.0,1.5
1,tura,30.0,RU,2019-06-30 20:41:52,59.0,64.27,100.22,21.95,1.32
2,atuona,100.0,PF,2019-06-30 20:40:27,74.0,-9.8,-139.03,26.55,5.55
3,hilo,90.0,US,2019-06-30 20:42:52,69.0,19.71,-155.08,27.22,5.7
4,hobart,40.0,AU,2019-06-30 20:38:54,50.0,-42.88,147.33,14.44,6.7
5,lompoc,75.0,US,2019-06-30 20:38:02,77.0,34.64,-120.46,28.33,5.1
7,albany,75.0,US,2019-06-30 20:44:52,47.0,42.65,-73.75,26.11,3.6
8,ribeira grande,75.0,PT,2019-06-30 20:45:23,83.0,38.52,-28.7,21.0,4.6
9,fairbanks,40.0,US,2019-06-30 20:41:01,50.0,64.84,-147.72,25.0,1.45
10,ponta delgada,20.0,PT,2019-06-30 20:46:23,77.0,37.73,-25.67,20.0,2.1
11,arraial do cabo,0.0,BR,2019-06-30 20:46:53,65.0,-22.97,-42.02,27.0,2.6
12,new norfolk,40.0,AU,2019-06-30 20:47:23,50.0,-42.78,147.06,14.44,6.7
13,coihaique,90.0,CL,2019-06-30 20:47:54,55.0,-45.58,-72.07,4.0,2.1
15,butaritari,100.0,KI,2019-06-30 20:48:54,83.0,3.07,172.79,26.55,6.56
16,punta arenas,0.0,CL,2019-06-30 20:49:24,69.0,-53.16,-70.91,1.0,8.7
17,dikson,8.0,RU,2019-06-30 20:49:54,84.0,73.51,80.55,3.15,3.53
19,altamira,40.0,BR,2019-06-30 20:50:29,52.0,-3.2,-52.21,33.0,2.1
20,thompson,75.0,CA,2019-06-30 20:51:25,68.0,55.74,-97.86,18.0,10.3
21,ankang,0.0,CN,2019-06-30 20:51:55,62.0,32.73,108.99,17.05,0.57
22,cap malheureux,75.0,MU,2019-06-30 20:52:25,73.0,-19.98,57.61,21.0,7.7
23,los llanos de aridane,40.0,ES,2019-06-30 20:52:55,68.0,28.66,-17.92,22.0,7.2
24,ippy,100.0,CF,2019-06-30 20:53:26,95.0,6.26,21.2,22.65,1.44
25,avarua,67.0,CK,2019-06-30 20:53:56,60.0,-21.21,-159.78,23.0,5.7
26,prince rupert,90.0,CA,2019-06-30 20:54:10,87.0,54.32,-130.32,16.0,4.1
27,vaini,100.0,IN,2019-06-30 20:54:56,91.0,15.34,74.49,24.65,1.32
29,kahului,75.0,US,2019-06-30 20:55:56,61.0,20.89,-156.47,28.0,2.1
30,miramar,75.0,CR,2019-06-30 20:56:27,74.0,10.09,-84.73,27.0,8.2
31,nikolskoye,0.0,RU,2019-06-30 20:56:57,72.0,59.7,30.79,16.0,1.0
32,mar del plata,2.0,AR,2019-06-30 20:57:27,62.0,-46.43,-67.52,0.15,5.85
33,krasnoarmeysk,0.0,RU,2019-06-30 20:57:57,87.0,56.12,38.15,15.0,2.0
34,souillac,90.0,FR,2019-06-30 20:58:27,78.0,45.6,-0.6,23.0,1.0
35,jamestown,100.0,AU,2019-06-30 20:58:58,71.0,-33.21,138.6,6.65,3.79
36,thohoyandou,0.0,ZA,2019-06-30 20:59:28,63.0,-22.97,30.46,12.75,0.59
37,wattegama,100.0,LK,2019-06-30 20:59:58,84.0,7.35,80.68,23.85,2.34
38,porbandar,91.0,IN,2019-06-30 21:00:28,84.0,21.64,69.61,28.15,8.37
39,severo-kurilsk,0.0,RU,2019-06-30 21:00:58,88.0,50.68,156.12,6.35,4.42
40,san patricio,100.0,PY,2019-06-30 21:01:29,96.0,-26.98,-56.83,15.55,4.07
41,busselton,100.0,AU,2019-06-30 21:01:59,73.0,-33.64,115.35,12.22,6.76
42,cidreira,100.0,BR,2019-06-30 21:02:29,86.0,-30.17,-50.22,16.25,2.52
43,hermanus,100.0,ZA,2019-06-30 21:02:59,73.0,-34.42,19.24,15.0,2.24
44,thinadhoo,64.0,MV,2019-06-30 21:03:29,78.0,0.53,72.93,28.45,4.76
45,puerto ayora,20.0,EC,2019-06-30 21:04:00,57.0,-0.74,-90.35,27.0,9.3
46,tiksi,100.0,RU,2019-06-30 21:04:30,78.0,71.64,128.87,3.85,4.74
47,cape town,75.0,ZA,2019-06-30 21:04:48,93.0,-33.93,18.42,13.33,7.2
49,provideniya,90.0,RU,2019-06-30 21:06:00,81.0,64.42,-173.23,9.0,7.0
50,kodiak,1.0,US,2019-06-30 21:06:30,21.0,39.95,-94.76,34.44,5.1
51,kaitangata,100.0,NZ,2019-06-30 21:06:31,80.0,-46.28,169.85,3.89,1.79
52,port hardy,40.0,CA,2019-06-30 21:06:31,87.0,50.7,-127.42,15.0,2.1
53,ushuaia,75.0,AR,2019-06-30 21:06:31,74.0,-54.81,-68.31,1.0,10.3
54,isangel,40.0,VU,2019-06-30 21:06:31,93.0,-19.55,169.27,19.0,4.5
55,mataura,99.0,NZ,2019-06-30 21:06:31,75.0,-46.19,168.86,7.22,0.45
56,pevek,100.0,RU,2019-06-30 21:06:32,98.0,69.7,170.27,-0.25,4.35
58,bethel,90.0,US,2019-06-30 21:03:43,87.0,60.79,-161.76,13.0,5.7
59,tecoanapa,75.0,MX,2019-06-30 21:06:32,62.0,16.99,-99.26,31.0,3.1
60,kapaa,40.0,US,2019-06-30 21:06:02,69.0,22.08,-159.32,28.0,6.2
62,san cristobal,75.0,HN,2019-06-30 21:06:32,49.0,14.68,-86.92,28.75,5.47
63,rikitea,6.0,PF,2019-06-30 21:06:33,56.0,-23.12,-134.97,20.85,4.26
64,micheweni,0.0,TZ,2019-06-30 21:06:33,82.0,-4.97,39.83,26.25,6.74
65,lukhovitsy,15.0,RU,2019-06-30 21:06:33,79.0,54.97,39.03,12.22,0.45
66,lagoa,0.0,PT,2019-06-30 21:06:33,44.0,37.14,-8.45,26.0,6.7
67,dukat,0.0,AL,2019-06-30 21:06:33,61.0,40.25,19.57,21.67,0.45
68,inongo,0.0,CD,2019-06-30 21:06:34,60.0,-1.93,18.29,26.05,0.56
69,kavieng,77.0,PG,2019-06-30 21:06:34,72.0,-2.57,150.8,27.95,0.22
70,kormilovka,0.0,RU,2019-06-30 21:06:34,62.0,55.0,74.1,15.0,1.0
71,hithadhoo,93.0,MV,2019-06-30 21:06:34,72.0,-0.6,73.08,28.35,3.56
72,saldanha,0.0,PT,2019-06-30 21:06:34,65.0,41.42,-6.55,22.95,3.98
73,ojinaga,1.0,US,2019-06-30 21:06:35,14.0,29.56,-104.41,37.0,5.1
74,carnarvon,100.0,ZA,2019-06-30 21:06:35,70.0,-30.97,22.13,7.55,8.7
75,georgetown,75.0,GY,2019-06-30 21:06:11,79.0,6.8,-58.16,29.0,6.2
76,ilulissat,75.0,GL,2019-06-30 21:04:28,80.0,69.22,-51.1,4.0,2.1
77,bronnoysund,75.0,NO,2019-06-30 21:06:35,93.0,65.46,12.2,12.0,10.8
78,ridgecrest,1.0,US,2019-06-30 21:06:35,7.0,35.62,-117.67,36.67,4.1
79,batemans bay,0.0,AU,2019-06-30 21:06:35,71.0,-35.71,150.18,5.0,1.79
80,kurchatov,0.0,KZ,2019-06-30 21:06:36,69.0,50.75,78.54,13.75,4.2
81,saskylakh,93.0,RU,2019-06-30 21:06:36,73.0,71.97,114.09,11.55,7.5
82,taoudenni,84.0,ML,2019-06-30 21:06:36,21.0,22.68,-3.98,36.05,5.96
83,bimbo,20.0,CF,2019-06-30 21:06:36,78.0,4.33,18.53,26.0,6.2
84,forbes,100.0,AU,2019-06-30 21:06:36,91.0,-33.38,148.01,2.78,2.7
85,muros,90.0,ES,2019-06-30 21:06:37,100.0,42.77,-9.06,20.56,3.6
86,ordzhonikidze,0.0,UA,2019-06-30 21:06:37,62.0,44.96,35.36,15.05,3.7
87,beruwala,100.0,LK,2019-06-30 21:06:37,80.0,6.48,79.98,28.55,8.25
88,hofn,39.0,IS,2019-06-30 21:06:37,87.0,64.25,-15.21,0.85,6.27
89,kavaratti,100.0,IN,2019-06-30 21:06:37,78.0,10.57,72.64,28.35,6.82
90,yellowknife,75.0,CA,2019-06-30 21:06:38,35.0,62.45,-114.38,13.0,11.3
92,byron bay,90.0,AU,2019-06-30 21:06:38,100.0,-28.65,153.62,16.0,2.34
93,maldonado,27.0,UY,2019-06-30 21:06:38,80.0,-34.91,-54.96,11.25,9.69
94,nouakchott,0.0,MR,2019-06-30 21:06:38,78.0,18.08,-15.98,23.0,6.2
95,leningradskiy,100.0,RU,2019-06-30 21:06:39,80.0,69.38,178.42,6.55,1.44
97,bogande,6.0,BF,2019-06-30 21:06:39,35.0,12.97,-0.14,33.85,3.64
98,mosquera,40.0,CO,2019-06-30 21:06:39,45.0,4.71,-74.23,19.0,4.1
99,bredasdorp,40.0,ZA,2019-06-30 21:06:39,93.0,-34.53,20.04,15.0,2.1
100,oranjestad,40.0,AW,2019-06-30 21:06:39,70.0,12.52,-70.03,30.0,11.3
101,clyde river,1.0,CA,2019-06-30 21:06:40,65.0,70.47,-68.59,8.0,4.6
103,qaanaaq,0.0,GL,2019-06-30 21:06:40,46.0,77.48,-69.36,10.65,0.6
104,cherskiy,100.0,RU,2019-06-30 21:06:40,90.0,68.75,161.3,3.55,2.44
105,buchanan,75.0,LR,2019-06-30 21:06:40,94.0,5.88,-10.05,25.0,2.1
106,east london,78.0,ZA,2019-06-30 21:06:41,18.0,-33.02,27.91,24.35,6.78
107,bambous virieux,75.0,MU,2019-06-30 21:06:41,73.0,-20.34,57.76,21.0,7.7
109,xai-xai,0.0,MZ,2019-06-30 21:06:41,74.0,-25.04,33.64,19.35,3.0
110,port alfred,0.0,ZA,2019-06-30 21:06:41,85.0,-33.59,26.89,16.11,7.66
111,chapais,40.0,CA,2019-06-30 21:06:42,56.0,49.78,-74.86,23.0,3.6
112,hammerfest,0.0,NO,2019-06-30 21:06:42,75.0,70.66,23.68,8.0,3.1
113,gitarama,40.0,RW,2019-06-30 21:06:42,56.0,-2.07,29.76,22.0,1.5
115,biloela,0.0,AU,2019-06-30 21:06:42,82.0,-24.4,150.51,11.35,2.11
116,weinan,0.0,CN,2019-06-30 21:06:42,100.0,34.5,109.46,17.0,0.3
117,huarmey,3.0,PE,2019-06-30 21:06:43,86.0,-10.07,-78.15,17.85,6.62
118,norman wells,75.0,CA,2019-06-30 21:06:43,41.0,65.28,-126.83,13.0,6.2
119,bathsheba,75.0,BB,2019-06-30 21:06:43,66.0,13.22,-59.52,30.0,12.3
120,cabedelo,75.0,BR,2019-06-30 21:06:43,94.0,-6.97,-34.84,25.0,4.1
121,tomatlan,2.0,MX,2019-06-30 21:06:43,63.0,19.93,-105.25,30.05,5.04
122,lebu,93.0,ET,2019-06-30 21:06:44,86.0,8.96,38.73,13.75,0.87
123,san felipe,0.0,CL,2019-06-30 21:06:44,99.0,-32.75,-70.73,12.22,1.06
124,teeli,100.0,RU,2019-06-30 21:06:44,88.0,51.01,90.2,11.15,1.24
125,laguna,75.0,BZ,2019-06-30 21:06:44,74.0,16.17,-88.94,30.0,3.1
126,farmington,1.0,US,2019-06-30 21:04:36,17.0,36.73,-108.21,34.0,5.1
127,gimli,0.0,CA,2019-06-30 21:06:45,56.0,50.63,-96.99,24.35,7.52
128,barrow,0.0,AR,2019-06-30 21:06:45,69.0,-38.31,-60.23,5.85,4.69
129,greenville,40.0,US,2019-06-30 21:06:45,46.0,34.85,-82.4,35.0,2.6
130,gangtok,0.0,IN,2019-06-30 21:06:45,78.0,27.33,88.61,14.85,1.71
131,severobaykalsk,3.0,RU,2019-06-30 21:06:45,53.0,55.65,109.32,13.05,0.62
134,khatanga,31.0,RU,2019-06-30 21:06:46,78.0,71.98,102.47,10.15,4.29
135,carballo,90.0,ES,2019-06-30 21:06:46,93.0,43.21,-8.69,18.89,2.1
136,vila franca do campo,20.0,PT,2019-06-30 21:06:46,77.0,37.72,-25.43,20.0,2.1
138,puerto ayacucho,75.0,CO,2019-06-30 21:06:46,70.0,5.66,-67.63,30.0,3.21
139,vallenar,100.0,CL,2019-06-30 21:06:47,56.0,-28.58,-70.76,14.85,2.77
140,castro,40.0,CL,2019-06-30 21:06:47,70.0,-42.48,-73.76,8.0,1.5
141,ngaoundere,87.0,CM,2019-06-30 21:06:47,93.0,7.32,13.58,19.55,1.36
143,sirjan,0.0,IR,2019-06-30 21:06:47,14.0,29.44,55.67,26.55,2.81
144,sibolga,98.0,ID,2019-06-30 21:06:48,80.0,1.74,98.78,27.45,2.91
145,yanam,100.0,IN,2019-06-30 21:06:48,87.0,16.73,82.22,25.15,6.44
148,alofi,75.0,NU,2019-06-30 21:03:08,69.0,-19.06,-169.92,25.0,5.7
149,la ronge,40.0,CA,2019-06-30 21:06:48,49.0,55.1,-105.3,21.0,8.7
150,port blair,100.0,IN,2019-06-30 21:06:49,79.0,11.67,92.75,28.65,10.62
151,vao,29.0,EE,2019-06-30 21:06:49,69.0,59.1,26.19,16.75,4.07
152,kushiro,56.0,JP,2019-06-30 21:06:49,90.0,43.11,144.15,11.95,1.78
153,lorengau,17.0,PG,2019-06-30 21:06:49,84.0,-2.02,147.27,25.75,1.47
154,guerrero negro,0.0,MX,2019-06-30 21:06:50,70.0,27.97,-114.04,21.45,8.09
155,saint-philippe,1.0,CA,2019-06-30 21:06:50,61.0,45.36,-73.48,25.0,3.1
156,kipushi,0.0,CD,2019-06-30 21:06:50,45.0,-11.76,27.24,12.65,1.61
157,kansanshi,0.0,ZM,2019-06-30 21:06:50,47.0,-12.1,26.43,12.05,1.49
158,banes,40.0,CU,2019-06-30 21:06:50,41.0,20.96,-75.72,35.0,4.6
159,mahebourg,75.0,MU,2019-06-30 21:06:51,73.0,-20.41,57.7,21.0,7.7
160,znamenskoye,48.0,RU,2019-06-30 21:06:51,88.0,57.13,73.82,12.05,0.87
161,saint-augustin,40.0,CA,2019-06-30 21:06:51,64.0,45.63,-73.98,24.44,2.6
162,wyndham,40.0,GB,2019-06-30 21:06:51,93.0,51.61,-3.54,16.67,6.2
164,upernavik,0.0,GL,2019-06-30 21:06:52,82.0,72.79,-56.15,4.75,4.09
165,union,40.0,US,2019-06-30 21:06:32,37.0,40.7,-74.26,29.0,6.7
166,iqaluit,20.0,CA,2019-06-30 21:06:52,75.0,63.75,-68.52,6.0,6.2
167,srednekolymsk,67.0,RU,2019-06-30 21:06:52,46.0,67.46,153.71,13.25,2.61
168,putatan,75.0,MY,2019-06-30 21:06:52,83.0,5.88,116.05,26.11,2.6
169,manakara,14.0,MG,2019-06-30 21:06:52,92.0,-22.14,48.01,17.65,1.11
171,yeppoon,0.0,AU,2019-06-30 21:06:53,93.0,-23.13,150.74,11.0,1.0
172,alta floresta,3.0,BR,2019-06-30 21:06:53,50.0,-9.87,-56.08,28.65,1.3
173,limbang,75.0,BN,2019-06-30 21:06:53,83.0,4.75,115.01,27.0,1.5
174,semey,0.0,KZ,2019-06-30 21:06:53,72.0,50.41,80.25,13.45,4.05
175,chuy,72.0,UY,2019-06-30 21:06:54,78.0,-33.69,-53.46,11.75,5.75
176,biltine,0.0,TD,2019-06-30 21:06:54,11.0,14.53,20.93,36.45,4.38
177,la asuncion,100.0,AR,2019-06-30 21:06:54,94.0,-26.05,-65.39,7.05,2.16
178,dingle,100.0,PH,2019-06-30 21:06:54,87.0,11.0,122.67,24.75,3.9
179,tezu,85.0,IN,2019-06-30 21:06:55,73.0,27.93,96.16,24.95,1.5
180,southbridge,20.0,US,2019-06-30 21:06:55,64.0,42.08,-72.03,24.44,4.1
181,barabai,89.0,ID,2019-06-30 21:06:55,96.0,-2.59,115.38,21.35,0.94
182,uvalde,1.0,US,2019-06-30 21:06:55,51.0,29.21,-99.79,33.89,3.6
183,sudak,0.0,UA,2019-06-30 21:03:58,70.0,44.85,34.97,14.15,4.56
184,sunndalsora,75.0,NO,2019-06-30 21:06:55,87.0,62.68,8.55,13.0,11.3
185,alihe,0.0,CN,2019-06-30 21:06:56,65.0,50.57,123.73,12.65,1.67
186,tongliao,0.0,CN,2019-06-30 21:06:56,91.0,43.61,122.27,14.75,3.27
187,sanmenxia,0.0,CN,2019-06-30 21:06:56,41.0,34.77,111.19,21.45,1.63
188,rio grande,40.0,BR,2019-06-30 21:06:56,72.0,-32.03,-52.1,16.0,3.6
189,baturaja,12.0,ID,2019-06-30 21:06:57,98.0,-4.12,104.17,21.85,1.32
190,victoria,75.0,BN,2019-06-30 21:06:57,100.0,5.28,115.24,27.0,0.5
191,bluff,0.0,AU,2019-06-30 21:06:57,75.0,-23.58,149.07,12.95,1.81
192,lilongwe,0.0,MW,2019-06-30 21:06:47,83.0,-13.97,33.79,13.45,1.21
193,san jeronimo,9.0,PE,2019-06-30 21:06:57,50.0,-13.65,-73.37,15.35,3.53
194,mujiayingzi,0.0,CN,2019-06-30 21:06:57,73.0,42.12,118.78,11.75,1.99
195,henties bay,0.0,NA,2019-06-30 21:06:58,90.0,-22.12,14.28,13.33,2.62
196,pangody,100.0,RU,2019-06-30 21:06:58,44.0,65.85,74.49,16.95,5.48
197,kruisfontein,67.0,ZA,2019-06-30 21:06:58,41.0,-34.0,24.73,16.15,3.35
198,teahupoo,75.0,PF,2019-06-30 21:06:58,61.0,-17.83,-149.27,26.0,1.5
199,port elizabeth,1.0,US,2019-06-30 21:06:59,35.0,39.31,-74.98,32.0,6.2
200,tuatapere,75.0,NZ,2019-06-30 21:06:59,75.0,-46.13,167.69,7.22,0.45
201,nouadhibou,0.0,MR,2019-06-30 21:06:59,73.0,20.93,-17.03,21.0,9.3
202,bahia blanca,38.0,AR,2019-06-30 21:06:59,53.0,-38.72,-62.27,6.65,4.67
203,yokadouma,13.0,CM,2019-06-30 21:06:59,98.0,3.52,15.05,21.05,1.29
204,chokurdakh,98.0,RU,2019-06-30 21:07:00,57.0,70.62,147.9,7.45,3.9
205,lucapa,25.0,AO,2019-06-30 21:07:00,32.0,-8.42,20.74,20.05,1.58
206,santa maria,40.0,BR,2019-06-30 21:07:00,41.0,-16.02,-48.01,26.0,3.1
207,paamiut,0.0,GL,2019-06-30 21:07:00,84.0,61.99,-49.67,3.05,6.56
208,usinsk,100.0,RU,2019-06-30 21:07:00,82.0,66.0,57.56,13.85,5.29
209,shimoda,90.0,JP,2019-06-30 21:07:01,100.0,34.7,138.93,25.56,1.5
210,sitka,0.0,US,2019-06-30 21:07:01,47.0,37.17,-99.65,32.78,6.26
211,marawi,100.0,PH,2019-06-30 21:07:01,88.0,8.0,124.29,24.44,2.24
212,honiara,75.0,SB,2019-06-30 21:07:01,100.0,-9.43,159.96,24.0,2.1
213,zhigansk,75.0,RU,2019-06-30 21:07:01,48.0,66.77,123.37,18.25,2.16
215,tuktoyaktuk,75.0,CA,2019-06-30 21:07:02,75.0,69.44,-133.03,6.0,4.6
216,sao joao do paraiso,80.0,BR,2019-06-30 21:07:02,74.0,-15.31,-42.01,18.45,1.38
217,muli,28.0,CN,2019-06-30 21:07:02,77.0,28.08,109.56,20.15,1.27
218,longyearbyen,75.0,NO,2019-06-30 21:07:02,59.0,78.22,15.63,5.0,9.8
219,siuna,100.0,NI,2019-06-30 21:07:03,91.0,13.73,-84.78,25.25,2.0
220,nikolayevka,28.0,RU,2019-06-30 21:07:03,52.0,46.73,38.57,21.05,6.29
221,mamou,100.0,GN,2019-06-30 21:07:03,94.0,10.37,-12.08,22.25,1.23
222,obo,100.0,CF,2019-06-30 21:07:03,95.0,5.39,26.49,21.35,1.82
223,skibbereen,40.0,IE,2019-06-30 21:07:03,67.0,51.55,-9.27,14.0,5.7
224,west des moines,20.0,US,2019-06-30 21:07:04,56.0,41.56,-93.76,34.44,4.6
225,tabou,43.0,CI,2019-06-30 21:07:04,95.0,4.42,-7.36,23.35,1.94
226,paracuru,75.0,BR,2019-06-30 21:07:04,74.0,-3.41,-39.03,28.0,9.3
227,matara,14.0,BI,2019-06-30 21:07:04,87.0,-3.48,29.48,10.65,0.45
228,dunedin,100.0,NZ,2019-06-30 21:07:04,63.0,-45.87,170.5,7.78,1.34
229,san rafael del sur,40.0,NI,2019-06-30 21:07:05,59.0,11.85,-86.44,33.0,8.2
230,kishi,22.0,NG,2019-06-30 21:07:05,89.0,9.08,3.85,23.65,2.57
231,mapiripan,99.0,CO,2019-06-30 21:07:05,94.0,2.89,-72.13,23.65,2.79
232,bani,67.0,YE,2019-06-30 21:07:05,75.0,16.02,42.93,31.75,2.8
233,taywarah,0.0,AF,2019-06-30 21:07:06,25.0,33.35,64.42,16.45,2.96
235,pimentel,19.0,BR,2019-06-30 21:07:06,83.0,-3.7,-45.5,25.55,1.32
236,gorom-gorom,6.0,BF,2019-06-30 21:07:06,26.0,14.45,-0.24,36.75,3.06
237,skjervoy,0.0,NO,2019-06-30 21:07:06,75.0,70.03,20.97,8.0,3.6
238,maumere,38.0,ID,2019-06-30 21:07:06,68.0,-8.63,122.22,23.55,2.37
239,lundazi,0.0,ZM,2019-06-30 21:07:07,78.0,-12.29,33.17,14.75,3.39
240,karratha,97.0,AU,2019-06-30 21:04:55,30.0,-20.74,116.85,18.15,3.41
241,gat,38.0,SN,2019-06-30 21:07:07,83.0,14.69,-16.54,26.0,4.1
242,valleyview,100.0,CA,2019-06-30 21:07:07,53.0,55.07,-117.28,20.05,2.23
243,igarka,96.0,RU,2019-06-30 21:07:07,65.0,67.47,86.57,12.25,4.38
244,rapid valley,90.0,US,2019-06-30 21:07:08,60.0,44.06,-103.15,24.0,4.1
245,dong xoai,100.0,VN,2019-06-30 21:07:08,94.0,11.53,106.92,24.55,2.37
246,mogosesti,0.0,RO,2019-06-30 21:07:08,60.0,47.03,27.53,22.22,2.1
247,okha,11.0,RU,2019-06-30 21:07:08,83.0,53.59,142.95,9.15,5.67
248,lavrentiya,89.0,RU,2019-06-30 21:07:08,68.0,65.58,-170.99,9.45,6.12
249,nemuro,0.0,JP,2019-06-30 21:07:09,91.0,43.32,145.57,10.25,3.23
251,port lincoln,100.0,AU,2019-06-30 21:05:31,69.0,-34.72,135.86,14.85,11.48
252,ponnani,75.0,IN,2019-06-30 21:07:09,83.0,10.77,75.93,30.0,1.0
253,college,75.0,US,2019-06-30 21:07:09,50.0,64.86,-147.8,26.0,2.6
254,eyl,30.0,SO,2019-06-30 21:07:09,55.0,7.98,49.82,27.75,11.01
255,shinpokh,1.0,PK,2019-06-30 21:07:10,32.0,34.33,71.18,29.0,0.5
256,senanga,0.0,ZM,2019-06-30 21:07:10,35.0,-16.1,23.3,12.35,0.63
257,kandrian,99.0,PG,2019-06-30 21:07:10,94.0,-6.21,149.55,23.35,2.82
259,bistra,4.0,BG,2019-06-30 21:07:10,56.0,43.84,27.37,23.33,3.68
260,khash,0.0,IR,2019-06-30 21:07:11,17.0,28.22,61.21,24.45,3.01
261,hay river,90.0,CA,2019-06-30 21:07:11,62.0,60.82,-115.79,12.0,5.7
262,boueni,0.0,YT,2019-06-30 21:07:11,94.0,-12.9,45.08,24.0,1.5
263,vila velha,75.0,BR,2019-06-30 21:07:11,74.0,-3.71,-38.6,28.0,9.3
264,touros,75.0,BR,2019-06-30 21:07:11,94.0,-5.2,-35.46,25.0,2.6
265,tilichiki,100.0,RU,2019-06-30 21:07:12,92.0,60.47,166.1,9.25,2.19
266,mpwapwa,0.0,TZ,2019-06-30 21:07:12,78.0,-6.35,36.49,16.75,1.57
267,coahuayana,8.0,MX,2019-06-30 21:07:12,51.0,18.62,-100.35,31.75,0.67
268,beloha,0.0,MG,2019-06-30 21:07:12,73.0,-25.17,45.06,22.05,2.86
269,yulara,60.0,AU,2019-06-30 21:07:13,52.0,-25.24,130.99,5.0,3.1
271,grande prairie,75.0,CA,2019-06-30 21:04:08,60.0,55.17,-118.79,22.0,4.1
272,jilove,0.0,CZ,2019-06-30 21:05:47,28.0,50.76,14.1,29.0,2.1
273,adrar,23.0,DZ,2019-06-30 21:07:13,12.0,27.87,-0.29,36.95,4.31
274,kenai,1.0,US,2019-06-30 21:07:13,68.0,60.55,-151.26,23.33,6.2
275,dillon,1.0,US,2019-06-30 21:04:19,33.0,45.22,-112.64,26.11,4.1
276,nsanje,0.0,MZ,2019-06-30 21:07:14,82.0,-16.92,35.26,20.15,3.23
277,berdigestyakh,0.0,RU,2019-06-30 21:07:14,53.0,62.1,126.7,14.65,2.69
279,esperance,75.0,AU,2019-06-30 21:05:45,93.0,-33.86,121.89,10.0,5.1
280,caruray,100.0,PH,2019-06-30 21:07:14,71.0,10.31,119.01,29.15,5.69
281,baghdad,0.0,IQ,2019-06-30 21:05:04,24.0,33.3,44.38,33.0,4.6
282,valparaiso,90.0,US,2019-06-30 21:04:43,83.0,41.47,-87.06,32.0,7.7
283,sterling,40.0,US,2019-06-30 21:07:15,33.0,39.0,-77.4,33.0,8.7
284,ilhabela,0.0,BR,2019-06-30 21:07:15,66.0,-23.78,-45.36,26.75,3.72
285,sechura,39.0,PE,2019-06-30 21:07:15,85.0,-5.56,-80.82,18.95,7.8
286,indianola,1.0,US,2019-06-30 21:05:15,29.0,40.24,-100.42,37.22,7.2
287,paralimni,1.0,GR,2019-06-30 21:07:16,62.0,40.99,23.67,24.44,0.89
288,tasiilaq,90.0,GL,2019-06-30 21:07:16,70.0,65.61,-37.64,7.0,11.3
289,ponta do sol,11.0,BR,2019-06-30 21:07:16,65.0,-20.63,-46.0,18.75,3.01
290,sumbawanga,0.0,TZ,2019-06-30 21:07:16,58.0,-7.95,31.62,13.65,0.96
291,fortuna,20.0,US,2019-06-30 21:07:17,72.0,40.6,-124.16,18.89,7.2
292,zabol,0.0,IR,2019-06-30 21:07:17,40.0,31.03,61.49,30.0,4.1
293,samarai,89.0,PG,2019-06-30 21:07:17,82.0,-10.62,150.67,20.65,2.32
294,rudnya,19.0,RU,2019-06-30 21:07:17,89.0,50.8,44.56,10.55,2.86
295,bara,18.0,NG,2019-06-30 21:07:17,70.0,10.41,10.6,28.05,4.66
296,nanortalik,4.0,GL,2019-06-30 21:07:18,71.0,60.14,-45.24,5.35,3.37
297,pisco,90.0,PE,2019-06-30 21:07:18,30.0,-13.71,-76.2,22.0,6.7
298,praia da vitoria,40.0,PT,2019-06-30 21:07:18,73.0,38.73,-27.07,22.0,7.9
299,olinda,20.0,AU,2019-06-30 21:07:18,75.0,-37.84,145.39,11.11,7.7
300,merauke,7.0,ID,2019-06-30 21:07:19,78.0,-8.49,140.4,24.75,9.94
301,la palma,99.0,CO,2019-06-30 21:07:19,69.0,5.36,-74.39,27.65,1.56
302,inhambane,0.0,MZ,2019-06-30 21:07:19,88.0,-23.87,35.38,18.75,2.53
303,namibe,0.0,AO,2019-06-30 21:07:19,93.0,-15.19,12.15,15.0,4.1
304,zeya,67.0,RU,2019-06-30 21:07:19,88.0,53.74,127.27,15.35,2.18
305,teguldet,100.0,RU,2019-06-30 21:07:20,98.0,57.31,88.17,10.45,1.88
307,lasa,0.0,CY,2019-06-30 21:07:20,65.0,34.92,32.53,27.0,2.1
309,narsaq,40.0,GL,2019-06-30 21:07:20,50.0,60.91,-46.05,13.0,3.1
310,north bend,1.0,US,2019-06-30 21:07:20,72.0,43.41,-124.22,22.22,6.7
311,luderitz,10.0,NA,2019-06-30 21:07:21,93.0,-26.65,15.16,13.0,6.2
312,falmouth,40.0,GB,2019-06-30 21:07:21,93.0,50.16,-5.07,15.56,4.6
313,tevaitoa,92.0,PF,2019-06-30 21:07:21,75.0,-16.78,-151.5,24.65,10.91
314,palmer,0.0,AU,2019-06-30 21:07:21,75.0,-34.85,139.16,8.89,5.7
315,okhotsk,17.0,RU,2019-06-30 21:07:22,71.0,59.36,143.24,12.95,1.56
316,makakilo city,90.0,US,2019-06-30 21:07:22,83.0,21.35,-158.09,29.0,5.1
317,chara,20.0,GR,2019-06-30 21:07:22,56.0,39.42,22.43,23.33,0.65
318,thoen,100.0,TH,2019-06-30 21:07:22,95.0,17.61,99.22,22.45,0.59
320,buenos aires,75.0,AR,2019-06-30 21:03:11,62.0,-34.61,-58.44,11.0,3.1
322,westport,20.0,US,2019-06-30 21:06:34,44.0,41.14,-73.36,26.67,7.7
323,west wendover,1.0,US,2019-06-30 21:07:23,19.0,40.74,-114.07,30.0,4.1
324,sovetskiy,100.0,RU,2019-06-30 21:07:23,94.0,56.76,48.47,10.55,2.66
325,bam,58.0,IR,2019-06-30 21:07:08,17.0,29.11,58.36,25.15,2.6
326,faanui,87.0,PF,2019-06-30 21:07:24,75.0,-16.48,-151.75,25.15,9.8
327,lata,32.0,IN,2019-06-30 21:07:24,86.0,30.78,78.62,4.45,0.45
328,chalons-en-champagne,0.0,FR,2019-06-30 21:07:24,72.0,48.95,4.37,23.0,2.6
329,severomorsk,0.0,RU,2019-06-30 21:07:24,75.0,69.07,33.42,6.0,1.0
330,conde,10.0,BR,2019-06-30 21:07:25,93.0,-11.81,-37.61,21.45,1.55
331,vysokogornyy,98.0,RU,2019-06-30 21:07:25,76.0,50.1,139.13,10.05,1.39
333,pahrump,1.0,US,2019-06-30 21:07:25,21.0,36.21,-115.98,35.0,8.7
334,ketchikan,90.0,US,2019-06-30 21:07:25,68.0,55.34,-131.65,18.0,4.1
335,zverinogolovskoye,0.0,RU,2019-06-30 21:07:26,68.0,54.46,64.85,15.85,5.27
336,te anau,91.0,NZ,2019-06-30 21:07:26,80.0,-45.41,167.72,8.55,4.38
337,saint-georges,82.0,CA,2019-06-30 21:07:26,39.0,46.12,-70.67,21.11,4.46
338,wajima,100.0,JP,2019-06-30 21:07:26,91.0,37.4,136.9,21.15,4.06
339,esso,100.0,RU,2019-06-30 21:07:26,69.0,55.93,158.7,8.95,0.17
340,noshiro,100.0,JP,2019-06-30 21:07:27,99.0,40.21,140.05,17.85,3.26
341,innisfail,78.0,AU,2019-06-30 21:07:27,83.0,-17.52,146.03,18.05,2.21
342,geraldton,40.0,CA,2019-06-30 21:07:27,44.0,49.72,-86.95,26.0,5.7
343,bol,0.0,TD,2019-06-30 21:07:27,43.0,13.47,14.72,31.95,2.97
344,filingue,0.0,NE,2019-06-30 21:07:28,29.0,14.35,3.32,36.65,4.71
345,vysha,20.0,RU,2019-06-30 21:07:28,92.0,53.85,42.38,9.95,1.53
346,the valley,20.0,AI,2019-06-30 21:06:56,66.0,18.22,-63.06,30.0,7.2
347,airai,99.0,TL,2019-06-30 21:07:28,71.0,-8.93,125.41,22.25,1.98
348,salym,69.0,RU,2019-06-30 21:07:28,87.0,60.06,71.48,14.65,2.49
350,ambon,20.0,FR,2019-06-30 21:07:29,72.0,47.55,-2.56,20.0,5.1
351,fontaine,92.0,FR,2019-06-30 21:07:29,54.0,45.2,5.69,29.0,2.6
352,paita,0.0,PE,2019-06-30 21:04:02,290.0,-5.09,-81.11,17.0,5.7
353,kungurtug,100.0,RU,2019-06-30 21:07:29,90.0,50.6,97.53,7.85,2.04
354,nome,40.0,US,2019-06-30 21:07:29,62.0,30.04,-94.42,30.56,4.1
355,sur,87.0,OM,2019-06-30 21:07:30,47.0,22.57,59.53,32.85,7.1
356,sinjar,0.0,SY,2019-06-30 21:07:30,24.0,35.59,37.0,23.95,4.22
357,sagaing,97.0,MM,2019-06-30 21:07:30,70.0,21.88,95.98,27.95,7.14
358,gamba,0.0,CN,2019-06-30 21:07:30,73.0,28.28,88.52,4.35,1.63
360,praya,20.0,ID,2019-06-30 21:07:31,93.0,-8.71,116.27,19.0,4.03
361,ahtopol,0.0,BG,2019-06-30 21:07:31,82.0,42.1,27.94,21.67,1.5
362,chalinze,0.0,TZ,2019-06-30 21:07:31,83.0,-6.64,38.35,19.75,1.28
363,praia,0.0,BR,2019-06-30 21:07:31,33.0,-20.25,-43.81,26.0,1.5
364,coquimbo,0.0,CL,2019-06-30 21:07:03,71.0,-29.95,-71.34,14.0,5.7
365,contamana,0.0,PE,2019-06-30 21:07:32,34.0,-7.35,-75.01,34.65,0.31
367,sakaiminato,75.0,JP,2019-06-30 21:07:32,83.0,35.55,133.23,22.22,3.1
368,teya,90.0,MX,2019-06-30 21:07:32,94.0,21.05,-89.07,23.0,7.2
369,yar-sale,100.0,RU,2019-06-30 21:07:32,77.0,66.83,70.83,15.95,5.71
370,fort nelson,40.0,CA,2019-06-30 21:07:33,53.0,58.81,-122.69,23.0,1.5
371,clyde,100.0,NZ,2019-06-30 21:07:33,77.0,-45.19,169.32,1.11,4.57
372,ulladulla,0.0,AU,2019-06-30 21:07:33,75.0,-35.36,150.48,6.0,5.7
373,sioux lookout,75.0,CA,2019-06-30 21:07:33,58.0,50.1,-91.92,29.0,4.1
374,saint george,20.0,GR,2019-06-30 21:05:16,56.0,39.45,22.34,23.33,0.65
375,hasaki,75.0,JP,2019-06-30 21:07:34,100.0,35.73,140.83,21.11,1.0
376,moerai,63.0,PF,2019-06-30 21:07:34,73.0,-22.43,-151.33,20.45,10.01
377,margate,75.0,AU,2019-06-30 21:07:34,50.0,-43.03,147.26,15.0,6.2
379,longido,30.0,TZ,2019-06-30 21:07:34,90.0,-2.73,36.7,15.15,3.22
380,yinchuan,0.0,CN,2019-06-30 21:07:35,33.0,38.48,106.21,21.67,2.24
381,kutum,66.0,SD,2019-06-30 21:07:35,36.0,14.2,24.66,29.55,6.68
382,ossora,100.0,RU,2019-06-30 21:07:35,94.0,59.24,163.07,9.35,0.46
383,tigil,100.0,RU,2019-06-30 21:07:35,85.0,57.8,158.67,10.55,2.87
384,benghazi,0.0,LY,2019-06-30 21:03:55,57.0,32.12,20.07,25.75,11.32
385,brokopondo,75.0,SR,2019-06-30 21:07:36,88.0,5.06,-54.98,26.0,3.1
386,maine-soroa,34.0,NE,2019-06-30 21:07:36,20.0,13.21,12.02,37.25,2.82
387,constitucion,75.0,MX,2019-06-30 21:07:36,20.0,23.99,-104.67,25.0,2.6
388,taloqan,0.0,AF,2019-06-30 21:07:36,25.0,36.74,69.54,25.65,2.35
389,mto wa mbu,0.0,TZ,2019-06-30 21:07:37,76.0,-3.38,35.86,17.25,5.86
390,gyanpur,20.0,IN,2019-06-30 21:07:37,62.0,25.33,82.47,31.0,3.1
391,bandarbeyla,9.0,SO,2019-06-30 21:07:37,60.0,9.49,50.81,27.35,10.77
392,presidencia roque saenz pena,100.0,AR,2019-06-30 21:02:40,92.0,-26.79,-60.44,12.25,3.11
393,ishigaki,91.0,JP,2019-06-30 21:07:37,85.0,24.34,124.16,28.95,7.03
394,barcelona,20.0,ES,2019-06-30 21:07:38,88.0,41.38,2.18,26.67,1.0
395,ikwiriri,1.0,TZ,2019-06-30 21:07:38,89.0,-7.96,38.99,21.85,0.72
396,berlevag,0.0,NO,2019-06-30 21:07:38,61.0,70.86,29.09,9.0,4.1
397,hualmay,47.0,PE,2019-06-30 21:07:38,88.0,-11.1,-77.61,17.65,6.33
398,rosarito,90.0,CO,2019-06-30 21:07:38,51.0,4.91,-75.23,29.0,1.5
399,san quintin,100.0,PH,2019-06-30 21:07:39,91.0,17.54,120.52,24.25,1.24
400,victor harbor,0.0,AU,2019-06-30 21:07:39,75.0,-35.55,138.62,8.89,5.7
402,matagami,51.0,NG,2019-06-30 21:07:39,96.0,9.67,8.4,22.35,2.19
403,yaan,58.0,NG,2019-06-30 21:07:39,92.0,7.38,8.57,24.75,3.38
404,comodoro rivadavia,40.0,AR,2019-06-30 21:07:40,56.0,-45.87,-67.48,5.0,5.1
405,kirakira,88.0,SB,2019-06-30 21:07:40,85.0,-10.46,161.92,25.75,7.47
406,mount gambier,100.0,AU,2019-06-30 21:07:40,83.0,-37.83,140.78,12.05,12.59
407,tougan,33.0,BF,2019-06-30 21:07:40,41.0,13.07,-3.07,32.75,2.83
408,faya,0.0,SA,2019-06-30 21:07:41,68.0,18.39,42.45,24.0,1.5
409,maddela,100.0,PH,2019-06-30 21:07:41,95.0,16.34,121.67,22.55,1.04
410,svetlogorsk,40.0,RU,2019-06-30 21:07:41,28.0,53.14,59.15,21.0,2.0
411,anan,75.0,JP,2019-06-30 21:07:41,88.0,33.91,134.64,22.0,3.6
412,aksarka,100.0,RU,2019-06-30 21:07:41,91.0,66.56,67.8,14.35,5.93
413,lugovoy,85.0,RU,2019-06-30 21:07:42,82.0,59.72,65.88,16.85,3.92
414,roma,0.0,IT,2019-06-30 21:05:47,47.0,41.89,12.48,25.56,1.5
415,albrechtice,0.0,CZ,2019-06-30 21:07:42,60.0,49.79,18.52,26.11,5.7
417,nikki,63.0,BJ,2019-06-30 21:07:42,72.0,9.94,3.21,26.15,2.37
418,caravelas,0.0,BR,2019-06-30 21:07:43,85.0,-17.73,-39.27,23.75,2.95
420,malacacheta,26.0,BR,2019-06-30 21:07:43,88.0,-17.84,-42.08,18.15,0.86
421,flinders,5.0,AU,2019-06-30 21:07:43,75.0,-34.58,150.85,7.22,5.7
422,mitsamiouli,20.0,KM,2019-06-30 21:07:43,78.0,-11.38,43.28,25.0,0.5
423,areka,100.0,ET,2019-06-30 21:07:44,90.0,7.07,37.71,17.55,1.24
424,lebedinyy,30.0,RU,2019-06-30 21:07:44,86.0,58.52,125.52,14.75,1.97
425,baherden,36.0,TM,2019-06-30 21:07:44,68.0,38.44,57.43,23.35,5.46
426,plettenberg bay,71.0,ZA,2019-06-30 21:04:03,55.0,-34.05,23.37,15.45,4.98
427,zaranj,0.0,AF,2019-06-30 21:07:45,40.0,30.95,61.86,30.0,4.1
428,iguape,0.0,BR,2019-06-30 21:07:45,72.0,-24.7,-47.56,24.05,2.58
429,aklavik,75.0,CA,2019-06-30 21:07:45,31.0,68.22,-135.01,11.0,2.6
430,huntington,40.0,US,2019-06-30 21:04:05,34.0,40.87,-73.43,28.33,8.2
431,high level,75.0,CA,2019-06-30 21:07:45,59.0,58.52,-117.13,19.0,2.1
432,gedangan,97.0,ID,2019-06-30 21:07:45,90.0,2.94,99.58,24.05,0.88
433,baruun-urt,100.0,MN,2019-06-30 21:07:46,89.0,46.68,113.28,11.65,3.67
434,bambanglipuro,100.0,ID,2019-06-30 21:07:46,78.0,-7.95,110.28,24.05,4.84
436,ust-omchug,85.0,RU,2019-06-30 21:07:46,72.0,61.13,149.63,9.95,2.05
437,chimore,62.0,BO,2019-06-30 21:07:47,87.0,-16.98,-65.13,24.65,0.11
438,nishihara,90.0,JP,2019-06-30 21:07:47,100.0,35.74,139.53,23.33,1.01
439,neijiang,35.0,CN,2019-06-30 21:07:47,87.0,29.59,105.06,21.25,1.22
440,rajbiraj,0.0,NP,2019-06-30 21:07:47,62.0,26.54,86.75,30.25,2.92
441,broome,20.0,GB,2019-06-30 21:07:47,63.0,52.47,1.45,20.0,4.6
442,canakkale,0.0,TR,2019-06-30 21:07:48,46.0,40.15,26.41,23.0,4.6
443,havelock,1.0,US,2019-06-30 21:07:48,62.0,34.88,-76.9,38.0,8.7
444,dzaoudzi,0.0,YT,2019-06-30 21:04:43,94.0,-12.79,45.27,24.0,1.5
445,ubatuba,0.0,BR,2019-06-30 21:07:48,44.0,-23.43,-45.08,27.0,3.1
446,cheney,1.0,US,2019-06-30 21:07:48,23.0,47.49,-117.58,28.33,3.6
447,maceio,40.0,BR,2019-06-30 21:07:06,69.0,-9.67,-35.74,25.0,2.6
448,bodden town,20.0,KY,2019-06-30 21:07:49,66.0,19.28,-81.25,32.0,3.6
449,kudahuvadhoo,82.0,MV,2019-06-30 21:07:49,73.0,2.67,72.89,28.55,4.03
450,oranjemund,33.0,ZA,2019-06-30 21:07:49,83.0,-28.55,16.43,13.95,8.17
451,antofagasta,90.0,CL,2019-06-30 21:05:22,76.0,-23.65,-70.4,14.0,5.7
452,umba,0.0,RU,2019-06-30 21:07:50,62.0,66.69,34.34,7.05,0.81
453,codrington,90.0,AU,2019-06-30 21:07:50,100.0,-28.95,153.24,16.0,1.98
454,raudeberg,75.0,NO,2019-06-30 21:07:50,93.0,61.99,5.14,14.0,10.8
455,nacozari,0.0,MX,2019-06-30 21:07:50,33.0,25.34,-108.26,38.89,3.58
456,shirokiy,0.0,RU,2019-06-30 21:07:51,88.0,53.87,39.17,12.78,0.45
457,arcata,20.0,US,2019-06-30 21:06:38,72.0,40.87,-124.08,18.89,7.2
458,quarai,85.0,BR,2019-06-30 21:07:51,81.0,-30.39,-56.45,12.05,3.36
459,jardim de piranhas,75.0,BR,2019-06-30 21:07:51,42.0,-6.38,-37.35,28.45,6.45
460,kiruna,95.0,SE,2019-06-30 21:07:51,50.0,67.86,20.23,11.0,4.1
461,balloch,90.0,GB,2019-06-30 21:07:52,82.0,56.0,-4.58,15.0,6.7
462,kieta,16.0,PG,2019-06-30 21:07:52,82.0,-6.22,155.63,26.05,2.54
463,atasu,0.0,KZ,2019-06-30 21:07:52,42.0,48.68,71.64,17.15,6.69
464,beckley,20.0,US,2019-06-30 21:07:09,54.0,37.78,-81.19,31.0,6.2
466,xapuri,75.0,BR,2019-06-30 21:07:53,59.0,-10.65,-68.5,33.0,2.6
467,elat,94.0,CM,2019-06-30 21:07:53,99.0,2.91,11.16,20.05,1.7
468,torbay,75.0,CA,2019-06-30 21:06:42,82.0,47.66,-52.73,15.56,4.1
469,juneau,90.0,US,2019-06-30 21:07:53,72.0,58.3,-134.42,19.44,0.97
470,batagay-alyta,97.0,RU,2019-06-30 21:07:53,53.0,67.8,130.41,10.45,1.69
471,half moon bay,5.0,US,2019-06-30 21:04:14,43.0,37.46,-122.43,25.56,7.2
472,kargat,0.0,RU,2019-06-30 21:07:54,85.0,55.19,80.28,10.35,3.55
473,menongue,0.0,AO,2019-06-30 21:07:54,35.0,-14.66,17.68,12.85,1.17
474,tatarsk,0.0,RU,2019-06-30 21:07:54,85.0,55.22,75.96,11.05,1.57
475,barcelos,5.0,BR,2019-06-30 21:07:54,93.0,-0.97,-62.93,27.25,1.24
476,diplo,64.0,PK,2019-06-30 21:07:55,71.0,24.47,69.59,29.75,8.7
477,mareeba,40.0,AU,2019-06-30 21:07:55,77.0,-16.99,145.42,20.0,4.6
478,ayagoz,0.0,KZ,2019-06-30 21:07:55,74.0,47.96,80.43,10.25,11.73
479,kaka,0.0,TM,2019-06-30 21:07:55,14.0,37.35,59.62,31.95,2.23
480,finca blanco,40.0,PA,2019-06-30 21:07:55,70.0,8.38,-82.87,30.0,2.6
481,san andres,100.0,PH,2019-06-30 21:07:56,92.0,13.32,122.68,25.45,7.25
482,leua,0.0,AO,2019-06-30 21:07:56,38.0,-11.65,20.45,13.95,1.73
483,butembo,1.0,CD,2019-06-30 21:07:56,96.0,0.12,29.29,15.95,1.45
484,harrisonville,1.0,US,2019-06-30 21:02:58,43.0,38.65,-94.35,33.89,4.1
485,klaksvik,100.0,FO,2019-06-30 21:07:57,93.0,62.23,-6.59,9.0,10.8
486,goksun,0.0,TR,2019-06-30 21:07:57,57.0,38.02,36.5,10.15,4.98
487,nazas,56.0,MX,2019-06-30 21:07:57,20.0,25.22,-104.11,28.55,7.23
488,horqueta,28.0,PY,2019-06-30 21:07:57,63.0,-23.34,-57.05,27.45,1.16
489,honghu,16.0,CN,2019-06-30 21:07:57,88.0,29.82,113.46,23.05,2.16
490,meulaboh,96.0,ID,2019-06-30 21:07:58,82.0,4.14,96.13,27.25,4.4
491,kumluca,0.0,TR,2019-06-30 21:07:58,49.0,36.37,30.29,15.15,3.17
492,katsuura,75.0,JP,2019-06-30 21:07:58,88.0,33.93,134.5,22.0,3.6
493,otofuke,100.0,JP,2019-06-30 21:07:58,94.0,43.02,143.2,11.35,1.44
494,casablanca,75.0,MA,2019-06-30 21:07:59,88.0,33.6,-7.62,21.11,4.1
495,jati,93.0,PK,2019-06-30 21:07:59,72.0,24.35,68.27,29.65,8.55
496,fort frances,75.0,CA,2019-06-30 21:07:59,58.0,48.61,-93.4,30.0,7.7
497,steinbach,20.0,CA,2019-06-30 21:07:59,30.0,49.53,-96.69,30.0,8.7
498,zalantun,100.0,CN,2019-06-30 21:08:00,74.0,48.0,122.72,13.25,2.37
500,beira,90.0,ES,2019-06-30 21:08:00,93.0,43.2,-8.36,18.89,2.1
501,naze,100.0,NG,2019-06-30 21:08:00,96.0,5.43,7.07,23.35,1.55
503,tirat karmel,0.0,IL,2019-06-30 21:08:01,88.0,32.76,34.97,26.11,1.79
504,panjakent,0.0,UZ,2019-06-30 21:08:01,60.0,39.5,67.61,23.0,2.1
505,ixtapa,20.0,MX,2019-06-30 21:08:01,59.0,20.71,-105.21,33.0,6.2
506,quatre cocos,75.0,MU,2019-06-30 21:08:01,73.0,-20.21,57.76,21.0,7.7
507,hami,85.0,CN,2019-06-30 21:08:01,19.0,42.84,93.51,28.65,6.31
508,evensk,87.0,RU,2019-06-30 21:08:02,84.0,61.92,159.24,10.25,1.29
509,banda aceh,16.0,ID,2019-06-30 21:08:02,75.0,5.56,95.32,28.85,9.16
510,karasburg,50.0,NA,2019-06-30 21:08:02,88.0,-28.01,18.75,6.95,5.91
511,mhlume,0.0,SZ,2019-06-30 21:08:02,75.0,-26.03,31.81,13.33,1.98
512,charlestown,20.0,US,2019-06-30 21:08:03,88.0,41.38,-71.64,23.0,2.1
513,grand-santi,99.0,GF,2019-06-30 21:08:03,97.0,4.27,-54.38,25.15,1.11
514,bekovo,100.0,RU,2019-06-30 21:08:03,84.0,52.46,43.7,10.45,2.91
515,dondo,20.0,MZ,2019-06-30 21:08:03,94.0,-19.62,34.74,21.0,0.89
516,hirara,86.0,JP,2019-06-30 21:08:04,87.0,24.8,125.28,28.75,6.98
517,oakdale,1.0,US,2019-06-30 21:08:04,23.0,37.77,-120.85,33.33,3.6
518,honningsvag,0.0,NO,2019-06-30 21:08:04,61.0,70.98,25.97,9.0,1.0
519,richards bay,0.0,ZA,2019-06-30 21:08:04,55.0,-28.77,32.06,23.15,9.36
520,quelimane,0.0,MZ,2019-06-30 21:08:05,97.0,-17.88,36.89,19.55,0.89
521,mantiquil,98.0,PH,2019-06-30 21:08:05,77.0,9.17,123.05,27.35,2.97
523,kloulklubed,75.0,PW,2019-06-30 21:08:05,88.0,7.04,134.26,26.0,2.1
524,tonstad,90.0,NO,2019-06-30 21:08:05,93.0,58.66,6.71,14.0,5.1
525,haines junction,31.0,CA,2019-06-30 21:08:06,37.0,60.75,-137.51,25.35,0.32
526,matucana,25.0,PE,2019-06-30 21:08:06,55.0,-11.84,-76.39,15.05,2.95
527,myaundzha,45.0,RU,2019-06-30 21:08:06,58.0,63.05,147.18,11.05,0.64
528,emerald,0.0,AU,2019-06-30 21:08:06,67.0,-23.53,148.16,14.0,5.1
529,hanzhong,0.0,CN,2019-06-30 21:08:07,68.0,33.08,107.03,16.75,0.42
530,parintins,41.0,BR,2019-06-30 21:03:35,59.0,-2.63,-56.73,30.55,1.76
532,gobabis,0.0,NA,2019-06-30 21:08:07,29.0,-22.45,18.97,16.0,1.5
533,laurel,1.0,US,2019-06-30 21:05:10,33.0,39.1,-76.85,33.0,5.7
534,bisira,100.0,PA,2019-06-30 21:08:08,85.0,8.52,-81.71,24.55,0.78
535,wilkie,40.0,CA,2019-06-30 21:08:08,49.0,52.41,-108.71,21.67,6.2
536,eldama ravine,40.0,KE,2019-06-30 21:08:08,93.0,0.05,35.72,13.0,2.1
537,partenit,0.0,UA,2019-06-30 21:08:08,75.0,44.58,34.34,12.45,2.27
538,sombrio,100.0,BR,2019-06-30 21:08:09,98.0,-29.11,-49.63,16.35,1.18
539,galesong,20.0,ID,2019-06-30 21:08:09,100.0,-5.32,119.37,23.0,1.0
540,mingyue,16.0,CN,2019-06-30 21:08:09,99.0,43.11,128.91,10.65,1.97
542,myingyan,87.0,MM,2019-06-30 21:08:09,72.0,21.46,95.39,27.75,5.38
543,maxixe,0.0,MZ,2019-06-30 21:08:10,88.0,-23.86,35.35,18.75,2.53
544,manjacaze,0.0,MZ,2019-06-30 21:08:10,74.0,-24.71,33.88,19.35,3.0
545,qaqortoq,40.0,GL,2019-06-30 21:08:10,50.0,60.72,-46.03,13.0,3.1
546,genhe,4.0,CN,2019-06-30 21:08:10,65.0,50.78,121.52,12.25,1.43
547,buala,0.0,SB,2019-06-30 21:08:11,79.0,-8.15,159.59,26.45,1.21
548,lashio,100.0,MM,2019-06-30 21:08:11,99.0,22.93,97.75,21.85,0.45
549,giyon,100.0,ET,2019-06-30 21:08:11,89.0,8.53,37.98,15.65,0.29
551,hobyo,65.0,SO,2019-06-30 21:08:11,68.0,5.35,48.53,26.65,11.51
552,sao filipe,0.0,CV,2019-06-30 21:08:12,85.0,14.9,-24.5,23.25,10.68
553,leh,0.0,IN,2019-06-30 21:08:12,63.0,34.16,77.58,-0.05,1.43
554,nanyang,0.0,CN,2019-06-30 21:08:12,59.0,33.0,112.53,23.45,0.8
555,mao,40.0,DO,2019-06-30 21:05:33,44.0,19.55,-71.08,34.44,7.2
556,rwamagana,40.0,RW,2019-06-30 21:08:13,56.0,-1.95,30.43,22.0,1.5
557,flagstaff,1.0,US,2019-06-30 21:08:13,16.0,35.2,-111.65,37.22,2.6
558,labuhan,100.0,ID,2019-06-30 21:08:13,92.0,-2.54,115.51,21.15,0.56
559,beringovskiy,2.0,RU,2019-06-30 21:08:13,65.0,63.05,179.32,12.25,5.03
560,dubbo,87.0,AU,2019-06-30 21:08:13,93.0,-32.25,148.6,3.0,4.6
561,neiafu,75.0,TO,2019-06-30 21:08:14,94.0,-18.65,-173.98,24.0,3.6
562,novouzensk,67.0,RU,2019-06-30 21:08:14,78.0,50.46,48.14,13.95,3.93
563,taos,52.0,US,2019-06-30 21:08:14,23.0,36.41,-105.57,32.22,5.7
564,areni,40.0,AM,2019-06-30 21:08:14,40.0,39.72,45.19,21.0,3.1
565,hamilton,20.0,CA,2019-06-30 21:08:15,50.0,43.26,-79.87,25.56,3.6
566,nhulunbuy,0.0,AU,2019-06-30 21:08:15,77.0,-12.18,136.78,23.45,6.35
567,bireun,57.0,ID,2019-06-30 21:08:15,67.0,5.2,96.7,19.25,2.48
568,beidao,0.0,CN,2019-06-30 21:05:07,57.0,34.57,105.89,13.45,1.39
569,mrakovo,0.0,BA,2019-06-30 21:08:15,72.0,43.97,18.28,20.0,2.1
571,kadoma,75.0,JP,2019-06-30 21:08:16,100.0,34.73,135.6,24.44,1.0
572,atami,90.0,JP,2019-06-30 21:08:16,100.0,35.09,139.06,23.33,1.5
573,manaure,20.0,CO,2019-06-30 21:08:16,46.0,11.78,-72.45,34.0,8.2
575,kokorevka,3.0,RU,2019-06-30 21:08:17,96.0,52.59,34.27,13.85,1.75
576,port hedland,100.0,AU,2019-06-30 21:04:56,50.0,-20.31,118.58,13.0,4.1
577,wasilla,1.0,US,2019-06-30 21:08:17,56.0,61.58,-149.44,24.0,3.11
578,alabaster,40.0,US,2019-06-30 21:08:17,55.0,33.24,-86.82,33.33,2.29
579,mehamn,0.0,NO,2019-06-30 21:08:17,65.0,71.03,27.85,9.0,4.6
580,malartic,40.0,CA,2019-06-30 21:08:18,60.0,48.14,-78.13,22.0,3.1
581,rosario,75.0,UY,2019-06-30 21:08:18,76.0,-34.31,-57.35,10.0,6.2
582,talnakh,0.0,RU,2019-06-30 21:08:18,76.0,69.49,88.39,9.0,6.0
584,carbonear,75.0,CA,2019-06-30 21:08:18,82.0,47.73,-53.24,15.56,4.1
585,sola,34.0,TZ,2019-06-30 21:08:19,76.0,-3.17,33.8,19.85,0.61
586,marsh harbour,88.0,BS,2019-06-30 21:08:19,71.0,26.54,-77.06,28.85,3.66
588,nanchang,17.0,CN,2019-06-30 21:08:19,84.0,28.68,115.89,22.45,1.73
589,aalburg,0.0,NL,2019-06-30 21:08:19,52.0,51.75,5.13,20.56,0.5
590,gummidipundi,75.0,IN,2019-06-30 21:08:20,52.0,13.42,80.13,32.0,3.6
592,mugur-aksy,56.0,RU,2019-06-30 21:08:20,98.0,50.38,90.44,3.75,1.46
593,fortaleza,75.0,BR,2019-06-30 21:08:20,74.0,-3.73,-38.52,28.0,9.3
594,sorland,0.0,NO,2019-06-30 21:08:21,81.0,67.67,12.69,9.0,6.2
595,uruzgan,0.0,AF,2019-06-30 21:08:21,15.0,32.93,66.63,16.45,1.46
596,holetown,75.0,BB,2019-06-30 21:03:53,66.0,13.19,-59.64,30.0,12.3
597,grand gaube,75.0,MU,2019-06-30 21:08:21,73.0,-20.01,57.66,21.0,7.7
599,muborak,0.0,UZ,2019-06-30 21:08:22,18.0,39.25,65.15,31.25,3.44
600,omboue,0.0,GA,2019-06-30 21:08:22,86.0,-1.57,9.26,23.65,7.72
602,parrita,75.0,CR,2019-06-30 21:08:13,69.0,9.52,-84.33,27.0,5.7
603,niteroi,90.0,BR,2019-06-30 21:08:22,93.0,-29.95,-51.16,16.0,1.0
604,babstovo,100.0,RU,2019-06-30 21:08:23,87.0,48.12,132.48,15.65,0.84
605,taseyevo,14.0,RU,2019-06-30 21:08:23,98.0,57.22,94.9,13.15,1.86
606,orlik,0.0,PL,2019-06-30 21:08:23,41.0,53.95,17.74,26.67,2.1
607,san policarpo,100.0,PH,2019-06-30 21:08:23,79.0,12.18,125.51,26.85,4.09
